{
  "total_investments": 233,
  "winning_investments": 156,
  "losing_investments": 77,
  "win_rate": 0.6695278969957081,
  "profit_stats": {
    "min": 0.0196,
    "max": 6.9699,
    "mean": 0.33296987179487186,
    "median": 0.247,
    "std": 0.6054685300022293
  },
  "max_profit_stats": {
    "mean": 0.33485885438335333,
    "median": 0.24696850602126608
  },
  "duration_stats": {
    "mean": 0,
    "median": 0,
    "min": 0,
    "max": 0
  }
}