{
    "total_investments": 233,
    "winning_investments": 149,
    "losing_investments": 84,
    "max_drawdown_stats": {
        "mean": 11.744933002350457,
        "median": 10.290237467018477,
        "max": 34.10404624277457,
        "min": 0.0,
        "std": 9.05289591977252
    },
    "max_gain_stats": {
        "mean": 24.170105030482514,
        "median": 21.649999879388595,
        "max": 696.9924812030074,
        "min": 0.0,
        "std": 51.32267786515679
    },
    "winning_max_gain_stats": {
        "mean": 34.63038992450854,
        "median": 25.000000000000018,
        "max": 696.9924812030074,
        "min": 20.050910151496197
    },
    "losing_max_drawdown_stats": {
        "mean": 19.705428273624154,
        "median": 21.230447282255362,
        "max": 34.10404624277457,
        "min": 0.0
    },
    "drawdown_distribution": {
        "5%以下": 73,
        "5%-10%": 41,
        "10%-15%": 28,
        "15%-20%": 22,
        "20%-25%": 56,
        "25%-30%": 9,
        "30%以上": 4
    },
    "gain_distribution": {
        "10%以下": 64,
        "10%-20%": 20,
        "20%-30%": 109,
        "30%-40%": 22,
        "40%-50%": 9,
        "50%-100%": 7,
        "100%以上": 2
    },
    "stop_loss_impact": {
        "10%": 51.072961373390555,
        "15%": 39.05579399141631,
        "20%": 29.613733905579398,
        "25%": 5.579399141630901,
        "30%": 1.7167381974248928
    },
    "take_profit_impact": {
        "10%": 72.53218884120172,
        "15%": 66.09442060085837,
        "20%": 63.94849785407726,
        "25%": 32.18884120171674,
        "30%": 17.167381974248926,
        "40%": 7.725321888412018,
        "50%": 3.862660944206009
    }
}